{
  "model_type": "RandomForest",
  "n_folds": 3,
  "n_estimators": 100,
  "max_depth": null,
  "fold_results": [
    {
      "fold_num": 1,
      "mse": 1.051743111804246,
      "mae": 0.7785232941495315,
      "r2": 0.2984135804098801,
      "pearson": 0.6990640952201156
    },
    {
      "fold_num": 2,
      "mse": 0.6251875454835744,
      "mae": 0.6045467501880519,
      "r2": 0.29983834963743317,
      "pearson": 0.5535986784319928
    },
    {
      "fold_num": 3,
      "mse": 0.45986286285842487,
      "mae": 0.4804431386116699,
      "r2": 0.24774485912944144,
      "pearson": 0.5050527771096754
    }
  ],
  "avg_mse": 0.7122645067154151,
  "avg_mae": 0.6211710609830844,
  "avg_r2": 0.2819989297255849,
  "avg_pearson": 0.5859051835872613,
  "test_mse": 0.5406116073342836,
  "test_mae": 0.6252046706275747,
  "test_r2": 0.35346738476820727,
  "test_pearson": 0.6271970104545374,
  "best_fold_num": 3,
  "training_date": "20251209_224450",
  "total_features": 8203
}