{
  "model_type": "RandomForest",
  "n_folds": 3,
  "n_estimators": 100,
  "max_depth": null,
  "fold_results": [
    {
      "fold_num": 1,
      "mse": 451.2245802083597,
      "mae": 16.21964903334625,
      "r2": 0.2812816150280655,
      "pearson": 0.685964131360163
    },
    {
      "fold_num": 2,
      "mse": 255.62985019098727,
      "mae": 12.094118151613213,
      "r2": 0.316412559831888,
      "pearson": 0.5652781636564697
    },
    {
      "fold_num": 3,
      "mse": 201.58050585484918,
      "mae": 9.872137000808392,
      "r2": 0.21262818677453799,
      "pearson": 0.46890005423447156
    }
  ],
  "avg_mse": 302.8116454180654,
  "avg_mae": 12.728634728589284,
  "avg_r2": 0.2701074538781638,
  "avg_pearson": 0.5733807830837013,
  "test_mse": 227.56233535757448,
  "test_mae": 12.67372707061857,
  "test_r2": 0.35016969405025544,
  "test_pearson": 0.616205990205774,
  "best_fold_num": 3,
  "training_date": "20251209_225330",
  "total_features": 8203
}