{
  "model_type": "RandomForest",
  "n_folds": 3,
  "n_estimators": 100,
  "max_depth": null,
  "fold_results": [
    {
      "fold_num": 1,
      "mse": 364.2952374725545,
      "mae": 14.652058690544289,
      "r2": 0.41974418900597166,
      "pearson": 0.8179247592126827
    },
    {
      "fold_num": 2,
      "mse": 230.51791810864486,
      "mae": 11.83663972567964,
      "r2": 0.3835651296785575,
      "pearson": 0.6248806465259439
    },
    {
      "fold_num": 3,
      "mse": 157.10467973714066,
      "mae": 9.345641252747852,
      "r2": 0.3863504011647352,
      "pearson": 0.636525236546633
    }
  ],
  "avg_mse": 250.63927843944666,
  "avg_mae": 11.94477988965726,
  "avg_r2": 0.39655323994975483,
  "avg_pearson": 0.6931102140950864,
  "test_mse": 189.40387503740018,
  "test_mae": 10.915264763410004,
  "test_r2": 0.45913554688115843,
  "test_pearson": 0.6891390922491023,
  "best_fold_num": 3,
  "training_date": "20251209_225607",
  "total_features": 139
}