{
  "mean": 34.99722582556667,
  "std": 20.464575780678118
}